{
  "back_or_leg": {
    "precision": 0.8918918918918919,
    "recall": 0.9705882352941176,
    "f1-score": 0.9295774647887325,
    "support": 34,
    "confused_with": {}
  },
  "micro avg": {
    "precision": 0.8918918918918919,
    "recall": 0.9705882352941176,
    "f1-score": 0.9295774647887325,
    "support": 34
  },
  "macro avg": {
    "precision": 0.8918918918918919,
    "recall": 0.9705882352941176,
    "f1-score": 0.9295774647887325,
    "support": 34
  },
  "weighted avg": {
    "precision": 0.8918918918918919,
    "recall": 0.9705882352941176,
    "f1-score": 0.9295774647887325,
    "support": 34
  }
}