{
  "back_or_leg": {
    "precision": 0.8461538461538461,
    "recall": 0.9705882352941176,
    "f1-score": 0.9041095890410958,
    "support": 34,
    "confused_with": {}
  },
  "micro avg": {
    "precision": 0.8461538461538461,
    "recall": 0.9705882352941176,
    "f1-score": 0.9041095890410958,
    "support": 34
  },
  "macro avg": {
    "precision": 0.8461538461538461,
    "recall": 0.9705882352941176,
    "f1-score": 0.9041095890410958,
    "support": 34
  },
  "weighted avg": {
    "precision": 0.8461538461538461,
    "recall": 0.9705882352941176,
    "f1-score": 0.9041095890410958,
    "support": 34
  }
}