{
  "back_or_leg": {
    "precision": 0.84375,
    "recall": 0.9310344827586207,
    "f1-score": 0.8852459016393444,
    "support": 29,
    "confused_with": {}
  },
  "micro avg": {
    "precision": 0.84375,
    "recall": 0.9310344827586207,
    "f1-score": 0.8852459016393444,
    "support": 29
  },
  "macro avg": {
    "precision": 0.84375,
    "recall": 0.9310344827586207,
    "f1-score": 0.8852459016393444,
    "support": 29
  },
  "weighted avg": {
    "precision": 0.84375,
    "recall": 0.9310344827586207,
    "f1-score": 0.8852459016393444,
    "support": 29
  }
}